[
  {
    "software": "fw.txt",
    "deviceVersion": "N/A",
    "updateTime": "2020-12-10 12:28:52",
    "currentVersion": ""
  },
  {
    "software": "config.run",
    "deviceVersion": "N/A",
    "updateTime": "2020-12-10 12:28:52",
    "currentVersion": ""
  },
  {
    "software": "config.da0",
    "deviceVersion": "N/A",
    "updateTime": "2020-12-10 12:28:52",
    "currentVersion": ""
  },
  {
    "software": "",
    "deviceVersion": "",
    "updateTime": "",
    "currentVersion": ""
  }
]
