{
  "$schema": "./node_modules/nx/schemas/nx-schema.json",
  "affected": {
    "defaultBase": "master"
  },
  "tasksRunnerOptions": {
    "default": {
      "runner": "nx/tasks-runners/default",
      "options": {
        "cacheableOperations": [
          "build",
          "lint",
          "test",
          "e2e",
          "build-storybook"
        ]
      }
    }
  },
  "targetDefaults": {
    "build": {
      "cache": true,
      "dependsOn": ["^build"],
      "inputs": ["production", "^production"]
    },
    "lint": {
      "cache": true,
      "inputs": [
        "default",
        "{workspaceRoot}/.eslintrc.json",
        "{workspaceRoot}/.eslintignore",
        "{workspaceRoot}/eslint.config.js"
      ]
    },
    "@nx/vite:test": {
      "cache": true,
      "inputs": ["default", "^production"]
    },
    "e2e": {
      "cache": true,
      "inputs": ["default", "^production"]
    },
    "@nx/jest:jest": {
      "cache": true,
      "inputs": ["default", "^production", "{workspaceRoot}/jest.preset.js"],
      "options": {
        "passWithNoTests": true
      },
      "configurations": {
        "ci": {
          "ci": true,
          "codeCoverage": true
        }
      }
    }
  },
  "namedInputs": {
    "default": ["{projectRoot}/**/*", "sharedGlobals"],
    "production": [
      "default",
      "!{projectRoot}/**/?(*.)+(spec|test).[jt]s?(x)?(.snap)",
      "!{projectRoot}/tsconfig.spec.json",
      "!{projectRoot}/.eslintrc.json",
      "!{projectRoot}/eslint.config.js",
      "!{projectRoot}/cypress/**/*",
      "!{projectRoot}/**/*.cy.[jt]s?(x)",
      "!{projectRoot}/cypress.config.[jt]s",
      "!{projectRoot}/jest.config.[jt]s",
      "!{projectRoot}/src/test-setup.[jt]s",
      "!{projectRoot}/test-setup.[jt]s"
    ],
    "sharedGlobals": []
  },
  "generators": {
    "@nx/react": {
      "application": {
        "style": "scss",
        "linter": "eslint",
        "bundler": "vite",
        "babel": true
      },
      "component": {
        "style": "scss"
      },
      "library": {
        "style": "scss",
        "linter": "eslint",
        "unitTestRunner": "jest"
      }
    }
  },
  "nxCloudAccessToken": "M2QwNDlkZTAtYjliMS00YmNhLWEyYWMtMzE2YjI5N2U0NWUzfHJlYWQtd3JpdGU="
}
