[
  {
    "tnsDeviceName": "string",
    "day": "01",
    "month": "01",
    "year": "2023",
    "uptime": 78
  },
  {
    "tnsDeviceName": "string",
    "day": "02",
    "month": "02",
    "year": "2023",
    "uptime": 85
  },
  {
    "tnsDeviceName": "string",
    "day": "03",
    "month": "03",
    "year": "2023",
    "uptime": 86
  },
  {
    "tnsDeviceName": "string",
    "day": "04",
    "month": "04",
    "year": "2023",
    "uptime": 87
  },
  {
    "tnsDeviceName": "string",
    "day": "05",
    "month": "05",
    "year": "2023",
    "uptime": 85
  },
  {
    "tnsDeviceName": "string",
    "day": "06",
    "month": "06",
    "year": "2023",
    "uptime": 86
  },
  {
    "tnsDeviceName": "string",
    "day": "07",
    "month": "07",
    "year": "2023",
    "uptime": 87
  },
  {
    "tnsDeviceName": "string",
    "day": "08",
    "month": "08",
    "year": "2023",
    "uptime": 87
  },
  {
    "tnsDeviceName": "string",
    "day": "09",
    "month": "09",
    "year": "2023",
    "uptime": 86
  },
  {
    "tnsDeviceName": "string",
    "day": "10",
    "month": "10",
    "year": "2023",
    "uptime": 77
  },
  {
    "tnsDeviceName": "string",
    "day": "11",
    "month": "11",
    "year": "2023",
    "uptime": 79
  },
  {
    "tnsDeviceName": "string",
    "day": "12",
    "month": "12",
    "year": "2023",
    "uptime": 87
  },
  {
    "tnsDeviceName": "string",
    "day": "13",
    "month": "13",
    "year": "2023",
    "uptime": 87
  },
  {
    "tnsDeviceName": "string",
    "day": "14",
    "month": "14",
    "year": "2023",
    "uptime": 89
  },
  {
    "tnsDeviceName": "string",
    "day": "15",
    "month": "15",
    "year": "2023",
    "uptime": 90
  },
  {
    "tnsDeviceName": "string",
    "day": "16",
    "month": "16",
    "year": "2023",
    "uptime": 91
  },
  {
    "tnsDeviceName": "string",
    "day": "17",
    "month": "17",
    "year": "2023",
    "uptime": 87
  },
  {
    "tnsDeviceName": "string",
    "day": "18",
    "month": "18",
    "year": "2023",
    "uptime": 87
  },
  {
    "tnsDeviceName": "string",
    "day": "19",
    "month": "19",
    "year": "2023",
    "uptime": 87
  },
  {
    "tnsDeviceName": "string",
    "day": "20",
    "month": "20",
    "year": "2023",
    "uptime": 92
  },
  {
    "tnsDeviceName": "string",
    "day": "21",
    "month": "21",
    "year": "2023",
    "uptime": 92
  },
  {
    "tnsDeviceName": "string",
    "day": "22",
    "month": "22",
    "year": "2023",
    "uptime": 90
  },
  {
    "tnsDeviceName": "string",
    "day": "23",
    "month": "23",
    "year": "2023",
    "uptime": 90
  },
  {
    "tnsDeviceName": "string",
    "day": "24",
    "month": "24",
    "year": "2023",
    "uptime": 92
  },
  {
    "tnsDeviceName": "string",
    "day": "25",
    "month": "25",
    "year": "2023",
    "uptime": 90
  },
  {
    "tnsDeviceName": "string",
    "day": "26",
    "month": "26",
    "year": "2023",
    "uptime": 85
  },
  {
    "tnsDeviceName": "string",
    "day": "27",
    "month": "27",
    "year": "2023",
    "uptime": 88
  },
  {
    "tnsDeviceName": "string",
    "day": "28",
    "month": "28",
    "year": "2023",
    "uptime": 85
  },
  {
    "tnsDeviceName": "string",
    "day": "29",
    "month": "29",
    "year": "2023",
    "uptime": 85
  },
  {
    "tnsDeviceName": "string",
    "day": "30",
    "month": "30",
    "year": "2023",
    "uptime": 84
  }
]
