[
  {
    "username": "userRole1",
    "email": "userRole1@tns.com"
  },
  {
    "username": "userRole2",
    "email": "userRole2@tns.com"
  },
  {
    "username": "userRole3",
    "email": "userRole3@tns.com"
  },
  {
    "username": "userRole4",
    "email": "userRole4@tns.com"
  },
  {
    "username": "userRole5",
    "email": "userRole5@tns.com"
  },
  {
    "username": "userRole6",
    "email": "userRole6@tns.com"
  },
  {
    "username": "userRole7",
    "email": "userRole7@tns.com"
  },
  {
    "username": "userRole8",
    "email": "userRole8@tns.com"
  },
  {
    "username": "userRole9",
    "email": "userRole9@tns.com"
  }
]
