[
  {
    "createTime": "string",
    "updateTime": "string",
    "companyName": "Malaysia Electronic Payment System SDN BHD",
    "customerName": "MPWACA01",
<<<<<<< HEAD
    "status": "fullService",
=======
    "status": "Full Service",
>>>>>>> ad330276ed27a6e0576441e8c8c2a744e33c9694
    "operationalStatus": "string",
    "statusTieBreaker": "string",
    "acna": "test",
    "service": "string",
    "region": 0,
    "source": "string",
    "tnsName": "ascend-1",
    "country": "string"
  },
  {
    "createTime": "string",
    "updateTime": "string",
    "companyName": "Malaysia Electronic Payment System SDN BHD",
    "customerName": "MPWACA02",
<<<<<<< HEAD
    "status": "fullService",
=======
    "status": "Full Service",
>>>>>>> ad330276ed27a6e0576441e8c8c2a744e33c9694
    "operationalStatus": "string",
    "statusTieBreaker": "string",
    "acna": "test2",
    "service": "string",
    "region": 0,
    "source": "string",
    "tnsName": "ascend-2",
    "country": "string"
  },
  {
    "createTime": "string",
    "updateTime": "string",
    "companyName": "Malaysia Electronic Payment System SDN BHD",
    "customerName": "MPWACA03",
<<<<<<< HEAD
    "status": "fullService",
=======
    "status": "Full Service",
>>>>>>> ad330276ed27a6e0576441e8c8c2a744e33c9694
    "operationalStatus": "string",
    "statusTieBreaker": "string",
    "acna": "test3",
    "service": "string",
    "region": 0,
    "source": "string",
    "tnsName": "ascend-3",
    "country": "string"
  },
  {
    "createTime": "string",
    "updateTime": "string",
    "companyName": "Malaysia Electronic Payment System SDN BHD",
    "customerName": "MPWACA04",
<<<<<<< HEAD
    "status": "fullService",
=======
    "status": "Full Service",
>>>>>>> ad330276ed27a6e0576441e8c8c2a744e33c9694
    "operationalStatus": "string",
    "statusTieBreaker": "string",
    "acna": "test4",
    "service": "string",
    "region": 0,
    "source": "string",
    "tnsName": "ascend-4",
    "country": "string"
  },
  {
    "createTime": "string",
    "updateTime": "string",
    "companyName": "Malaysia Electronic Payment System SDN BHD",
    "customerName": "MPWACA05",
<<<<<<< HEAD
    "status": "fullService",
=======
    "status": "Full Service",
>>>>>>> ad330276ed27a6e0576441e8c8c2a744e33c9694
    "operationalStatus": "string",
    "statusTieBreaker": "string",
    "acna": "test5",
    "service": "string",
    "region": 0,
    "source": "string",
    "tnsName": "ascend-5",
    "country": "string"
  },
  {
    "createTime": "string",
    "updateTime": "string",
    "companyName": "Malaysia Electronic Payment System SDN BHD",
    "customerName": "MPWACA06",
<<<<<<< HEAD
    "status": "fullService",
=======
    "status": "Full Service",
>>>>>>> ad330276ed27a6e0576441e8c8c2a744e33c9694
    "operationalStatus": "string",
    "statusTieBreaker": "string",
    "acna": "test6",
    "service": "string",
    "region": 0,
    "source": "string",
    "tnsName": "ascend-6",
    "country": "string"
  },
  {
    "createTime": "string",
    "updateTime": "string",
    "companyName": "Malaysia Electronic Payment System SDN BHD",
    "customerName": "MPWACA07",
<<<<<<< HEAD
    "status": "fullService",
=======
    "status": "Full Service",
>>>>>>> ad330276ed27a6e0576441e8c8c2a744e33c9694
    "operationalStatus": "string",
    "statusTieBreaker": "string",
    "acna": "test7",
    "service": "string",
    "region": 0,
    "source": "string",
    "tnsName": "ascend-7",
    "country": "string"
  },
  {
    "createTime": "string",
    "updateTime": "string",
    "companyName": "Malaysia Electronic Payment System SDN BHD",
    "customerName": "MPWACA08",
<<<<<<< HEAD
    "status": "fullService",
=======
    "status": "Full Service",
>>>>>>> ad330276ed27a6e0576441e8c8c2a744e33c9694
    "operationalStatus": "string",
    "statusTieBreaker": "string",
    "acna": "test8",
    "service": "string",
    "region": 0,
    "source": "string",
    "tnsName": "ascend-8",
    "country": "string"
  },
  {
    "createTime": "string",
    "updateTime": "string",
    "companyName": "Malaysia Electronic Payment System SDN BHD",
    "customerName": "MPWACA09",
<<<<<<< HEAD
    "status": "fullService",
=======
    "status": "Full Service",
>>>>>>> ad330276ed27a6e0576441e8c8c2a744e33c9694
    "operationalStatus": "string",
    "statusTieBreaker": "string",
    "acna": "test9",
    "service": "string",
    "region": 0,
    "source": "string",
    "tnsName": "ascend-9",
    "country": "string"
  },
  {
    "createTime": "string",
    "updateTime": "string",
    "companyName": "Malaysia Electronic Payment System SDN BHD",
    "customerName": "MPWACA10",
<<<<<<< HEAD
    "status": "fullService",
=======
    "status": "Full Service",
>>>>>>> ad330276ed27a6e0576441e8c8c2a744e33c9694
    "operationalStatus": "string",
    "statusTieBreaker": "string",
    "acna": "test10",
    "service": "string",
    "region": 0,
    "source": "string",
    "tnsName": "ascend-10",
    "country": "string"
  },
  {
    "createTime": "string",
    "updateTime": "string",
    "companyName": "Malaysia Electronic Payment System SDN BHD",
    "customerName": "MPWACA11",
<<<<<<< HEAD
    "status": "fullService",
=======
    "status": "Full Service",
>>>>>>> ad330276ed27a6e0576441e8c8c2a744e33c9694
    "operationalStatus": "string",
    "statusTieBreaker": "string",
    "acna": "test11",
    "service": "string",
    "region": 0,
    "source": "string",
    "tnsName": "ascend-11",
    "country": "string"
  },
  {
    "createTime": "string",
    "updateTime": "string",
    "companyName": "Malaysia Electronic Payment System SDN BHD",
    "customerName": "MPWACA12",
<<<<<<< HEAD
    "status": "fullService",
=======
    "status": "Full Service",
>>>>>>> ad330276ed27a6e0576441e8c8c2a744e33c9694
    "operationalStatus": "string",
    "statusTieBreaker": "string",
    "acna": "test12",
    "service": "string",
    "region": 0,
    "source": "string",
    "tnsName": "ascend-12",
    "country": "string"
  },
  {
    "createTime": "string",
    "updateTime": "string",
    "companyName": "Malaysia Electronic Payment System SDN BHD",
    "customerName": "MPWACA13",
<<<<<<< HEAD
    "status": "fullService",
=======
    "status": "Full Service",
>>>>>>> ad330276ed27a6e0576441e8c8c2a744e33c9694
    "operationalStatus": "string",
    "statusTieBreaker": "string",
    "acna": "test13",
    "service": "string",
    "region": 0,
    "source": "string",
    "tnsName": "ascend-13",
    "country": "string"
  },
  {
    "createTime": "string",
    "updateTime": "string",
    "companyName": "Malaysia Electronic Payment System SDN BHD",
    "customerName": "MPWACA14",
<<<<<<< HEAD
    "status": "fullService",
=======
    "status": "Full Service",
>>>>>>> ad330276ed27a6e0576441e8c8c2a744e33c9694
    "operationalStatus": "string",
    "statusTieBreaker": "string",
    "acna": "test14",
    "service": "string",
    "region": 0,
    "source": "string",
    "tnsName": "ascend-14",
    "country": "string"
  },
  {
    "createTime": "string",
    "updateTime": "string",
    "companyName": "Malaysia Electronic Payment System SDN BHD",
    "customerName": "MPWACA15",
<<<<<<< HEAD
    "status": "fullService",
=======
    "status": "Full Service",
>>>>>>> ad330276ed27a6e0576441e8c8c2a744e33c9694
    "operationalStatus": "string",
    "statusTieBreaker": "string",
    "acna": "test15",
    "service": "string",
    "region": 0,
    "source": "string",
    "tnsName": "ascend-15",
    "country": "string"
  },
  {
    "createTime": "string",
    "updateTime": "string",
    "companyName": "Malaysia Electronic Payment System SDN BHD",
    "customerName": "MPWACA16",
<<<<<<< HEAD
    "status": "fullService",
=======
    "status": "Full Service",
>>>>>>> ad330276ed27a6e0576441e8c8c2a744e33c9694
    "operationalStatus": "string",
    "statusTieBreaker": "string",
    "acna": "test16",
    "service": "string",
    "region": 0,
    "source": "string",
    "tnsName": "ascend-16",
    "country": "string"
  },
  {
    "createTime": "string",
    "updateTime": "string",
    "companyName": "Malaysia Electronic Payment System SDN BHD",
    "customerName": "MPWACA17",
<<<<<<< HEAD
    "status": "fullService",
=======
    "status": "Full Service",
>>>>>>> ad330276ed27a6e0576441e8c8c2a744e33c9694
    "operationalStatus": "string",
    "statusTieBreaker": "string",
    "acna": "test17",
    "service": "string",
    "region": 0,
    "source": "string",
    "tnsName": "ascend-17",
    "country": "string"
  },
  {
    "createTime": "string",
    "updateTime": "string",
    "companyName": "Malaysia Electronic Payment System SDN BHD",
    "customerName": "MPWACA18",
<<<<<<< HEAD
    "status": "fullService",
=======
    "status": "Full Service",
>>>>>>> ad330276ed27a6e0576441e8c8c2a744e33c9694
    "operationalStatus": "string",
    "statusTieBreaker": "string",
    "acna": "test18",
    "service": "string",
    "region": 0,
    "source": "string",
    "tnsName": "ascend-18",
    "country": "string"
  },
  {
    "createTime": "string",
    "updateTime": "string",
    "companyName": "Malaysia Electronic Payment System SDN BHD",
    "customerName": "MPWACA19",
<<<<<<< HEAD
    "status": "fullService",
=======
    "status": "Full Service",
>>>>>>> ad330276ed27a6e0576441e8c8c2a744e33c9694
    "operationalStatus": "string",
    "statusTieBreaker": "string",
    "acna": "test119",
    "service": "string",
    "region": 0,
    "source": "string",
    "tnsName": "ascend-19",
    "country": "string"
  },
  {
    "createTime": "string",
    "updateTime": "string",
    "companyName": "Malaysia Electronic Payment System SDN BHD",
    "customerName": "MPWACA20",
<<<<<<< HEAD
    "status": "fullService",
=======
    "status": "Full Service",
>>>>>>> ad330276ed27a6e0576441e8c8c2a744e33c9694
    "operationalStatus": "string",
    "statusTieBreaker": "string",
    "acna": "test20",
    "service": "string",
    "region": 0,
    "source": "string",
    "tnsName": "ascend-20",
    "country": "string"
  },
  {
    "createTime": "string",
    "updateTime": "string",
    "companyName": "Malaysia Electronic Payment System SDN BHD",
    "customerName": "MPWACA21",
<<<<<<< HEAD
    "status": "fullService",
=======
    "status": "Full Service",
>>>>>>> ad330276ed27a6e0576441e8c8c2a744e33c9694
    "operationalStatus": "string",
    "statusTieBreaker": "string",
    "acna": "test21",
    "service": "string",
    "region": 0,
    "source": "string",
    "tnsName": "ascend-21",
    "country": "string"
  },
  {
    "createTime": "string",
    "updateTime": "string",
    "companyName": "Malaysia Electronic Payment System SDN BHD",
    "customerName": "MPWACA22",
<<<<<<< HEAD
    "status": "fullService",
=======
    "status": "Full Service",
>>>>>>> ad330276ed27a6e0576441e8c8c2a744e33c9694
    "operationalStatus": "string",
    "statusTieBreaker": "string",
    "acna": "test22",
    "service": "string",
    "region": 0,
    "source": "string",
    "tnsName": "ascend-22",
    "country": "string"
  },
  {
    "createTime": "string",
    "updateTime": "string",
    "companyName": "Malaysia Electronic Payment System SDN BHD",
    "customerName": "MPWACA23",
<<<<<<< HEAD
    "status": "fullService",
=======
    "status": "Full Service",
>>>>>>> ad330276ed27a6e0576441e8c8c2a744e33c9694
    "operationalStatus": "string",
    "statusTieBreaker": "string",
    "acna": "test23",
    "service": "string",
    "region": 0,
    "source": "string",
    "tnsName": "ascend-23",
    "country": "string"
  },
  {
    "createTime": "string",
    "updateTime": "string",
    "companyName": "Malaysia Electronic Payment System SDN BHD",
    "customerName": "MPWACA24",
<<<<<<< HEAD
    "status": "fullService",
=======
    "status": "Full Service",
>>>>>>> ad330276ed27a6e0576441e8c8c2a744e33c9694
    "operationalStatus": "string",
    "statusTieBreaker": "string",
    "acna": "test24",
    "service": "string",
    "region": 0,
    "source": "string",
    "tnsName": "ascend-24",
    "country": "string"
  },
  {
    "createTime": "string",
    "updateTime": "string",
    "companyName": "Malaysia Electronic Payment System SDN BHD",
    "customerName": "MPWACA25",
<<<<<<< HEAD
    "status": "fullService",
=======
    "status": "Full Service",
>>>>>>> ad330276ed27a6e0576441e8c8c2a744e33c9694
    "operationalStatus": "string",
    "statusTieBreaker": "string",
    "acna": "test25",
    "service": "string",
    "region": 0,
    "source": "string",
    "tnsName": "ascend-25",
    "country": "string"
  },
  {
    "createTime": "string",
    "updateTime": "string",
    "companyName": "Malaysia Electronic Payment System SDN BHD",
    "customerName": "MPWACA26",
<<<<<<< HEAD
    "status": "fullService",
=======
    "status": "Full Service",
>>>>>>> ad330276ed27a6e0576441e8c8c2a744e33c9694
    "operationalStatus": "string",
    "statusTieBreaker": "string",
    "acna": "test26",
    "service": "string",
    "region": 0,
    "source": "string",
    "tnsName": "ascend-26",
    "country": "string"
  },
  {
    "createTime": "string",
    "updateTime": "string",
    "companyName": "Malaysia Electronic Payment System SDN BHD",
    "customerName": "MPWACA27",
<<<<<<< HEAD
    "status": "fullService",
=======
    "status": "Full Service",
>>>>>>> ad330276ed27a6e0576441e8c8c2a744e33c9694
    "operationalStatus": "string",
    "statusTieBreaker": "string",
    "acna": "test27",
    "service": "string",
    "region": 0,
    "source": "string",
    "tnsName": "ascend-27",
    "country": "string"
  },
  {
    "createTime": "string",
    "updateTime": "string",
    "companyName": "Malaysia Electronic Payment System SDN BHD",
    "customerName": "MPWACA28",
    "status": "fullService",
    "operationalStatus": "string",
    "statusTieBreaker": "string",
    "acna": "test28",
    "service": "string",
    "region": 0,
    "source": "string",
    "tnsName": "ascend-28",
    "country": "string"
  },
  {
    "createTime": "string",
    "updateTime": "string",
    "companyName": "Malaysia Electronic Payment System SDN BHD",
    "customerName": "MPWACA29",
    "status": "fullService",
    "operationalStatus": "string",
    "statusTieBreaker": "string",
    "acna": "test29",
    "service": "string",
    "region": 0,
    "source": "string",
    "tnsName": "ascend-29",
    "country": "string"
  },
  {
    "createTime": "string",
    "updateTime": "string",
    "companyName": "Malaysia Electronic Payment System SDN BHD",
    "customerName": "MPWACA30",
    "status": "fullService",
    "operationalStatus": "string",
    "statusTieBreaker": "string",
    "acna": "test30",
    "service": "string",
    "region": 0,
    "source": "string",
    "tnsName": "ascend-30",
    "country": "string"
  },
  {
    "createTime": "string",
    "updateTime": "string",
    "companyName": "Malaysia Electronic Payment System SDN BHD",
    "customerName": "MPWACA31",
    "status": "fullService",
    "operationalStatus": "string",
    "statusTieBreaker": "string",
    "acna": "test31",
    "service": "string",
    "region": 0,
    "source": "string",
    "tnsName": "ascend-31",
    "country": "string"
  },
  {
    "createTime": "string",
    "updateTime": "string",
    "companyName": "Malaysia Electronic Payment System SDN BHD",
    "customerName": "MPWACA32",
    "status": "fullService",
    "operationalStatus": "string",
    "statusTieBreaker": "string",
    "acna": "test32",
    "service": "string",
    "region": 0,
    "source": "string",
    "tnsName": "ascend-32",
    "country": "string"
  },
  {
    "createTime": "string",
    "updateTime": "string",
    "companyName": "Malaysia Electronic Payment System SDN BHD",
    "customerName": "MPWACA33",
    "status": "fullService",
    "operationalStatus": "string",
    "statusTieBreaker": "string",
    "acna": "test33",
    "service": "string",
    "region": 0,
    "source": "string",
    "tnsName": "ascend-33",
    "country": "string"
  },
  {
    "createTime": "string",
    "updateTime": "string",
    "companyName": "Malaysia Electronic Payment System SDN BHD",
    "customerName": "MPWACA34",
<<<<<<< HEAD
    "status": "fullService",
=======
    "status": "Full Service",
>>>>>>> ad330276ed27a6e0576441e8c8c2a744e33c9694
    "operationalStatus": "string",
    "statusTieBreaker": "string",
    "acna": "test34",
    "service": "string",
    "region": 0,
    "source": "string",
    "tnsName": "ascend-34",
    "country": "string"
  },
  {
    "createTime": "string",
    "updateTime": "string",
    "companyName": "Malaysia Electronic Payment System SDN BHD",
    "customerName": "MPWACA35",
<<<<<<< HEAD
    "status": "fullService",
=======
    "status": "Full Service",
>>>>>>> ad330276ed27a6e0576441e8c8c2a744e33c9694
    "operationalStatus": "string",
    "statusTieBreaker": "string",
    "acna": "test35",
    "service": "string",
    "region": 0,
    "source": "string",
    "tnsName": "ascend-35",
    "country": "string"
  }
]
