{
  "tnsName": "meps00228v",
  "customerName": "MPWACA03",
  "macAddress": "",
  "serialNumber": "",
  "operationalDate": "Mar 31, 2014",
  "operationalStatus": "Operational",
  "deviceType": "",
  "model": "VirtualAccess GW1042M-X-RFR",
  "tnsService": "",
  "vendor": 0,
  "monitoringType": "",
  "sponsor": "",
  "acna": "meps",
  "manufacturer": "",
  "modelNo": "",
  "protocol": "",
  "serialBaudRate": "",
  "pollAddress": "",
  "deviceAddress": "",
  "hostCharacterSet": "",
  "company": "",
  "person": "",
  "email": "",
  "phone": "",
  "cell": "",
  "fax": "",
  "address": "",
  "city": "",
  "state": "",
  "country": "",
  "siteName": "",
  "customerSiteName": "",
  "customerAddress": "",
  "customerCity": "18th street, Sumner, Washington 98390, Estados Unidos",
  "customerState": ""
}